1.588228797912597656e+01,1.498611259460449219e+01,1.266884899139404297e+01,1.330710697174072266e+01,2.073630905151367188e+01,1.908781814575195312e+01,1.743052482604980469e+01,1.742475318908691406e+01,1.357659816741943359e+01,1.349185466766357422e+01,1.276853561401367188e+01,1.039762401580810547e+01,1.614437294006347656e+01,1.481801033020019531e+01,1.283502960205078125e+01,1.352983093261718750e+01
1.469806098937988281e+01,1.328477382659912109e+01,1.137836647033691406e+01,1.324470424652099609e+01,1.957943916320800781e+01,1.980012702941894531e+01,1.863333702087402344e+01,1.729835128784179688e+01,0.000000000000000000e+00,0.000000000000000000e+00,0.000000000000000000e+00,0.000000000000000000e+00,1.479051971435546875e+01,1.359070205688476562e+01,1.123922157287597656e+01,1.330644989013671875e+01
1.265233516693115234e+01,1.406554985046386719e+01,1.294533538818359375e+01,1.387029647827148438e+01,1.858720397949218750e+01,1.967231369018554688e+01,1.875638198852539062e+01,1.762329101562500000e+01,1.270933055877685547e+01,1.223178291320800781e+01,1.152987098693847656e+01,1.169873428344726562e+01,1.269037914276123047e+01,1.386073589324951172e+01,1.275661849975585938e+01,1.379827785491943359e+01
1.495652770996093750e+01,1.513892745971679688e+01,1.164714050292968750e+01,1.361602115631103516e+01,1.980867195129394531e+01,2.069512176513671875e+01,1.836470603942871094e+01,1.747906684875488281e+01,1.469966411590576172e+01,1.424558162689208984e+01,1.311902523040771484e+01,1.269505977630615234e+01,1.527611255645751953e+01,1.504148483276367188e+01,1.248802661895751953e+01,1.370889282226562500e+01
1.457250785827636719e+01,1.483052062988281250e+01,1.154519176483154297e+01,1.288166809082031250e+01,1.945133972167968750e+01,2.074084091186523438e+01,1.894265174865722656e+01,1.775352859497070312e+01,1.482589340209960938e+01,1.424040794372558594e+01,1.170861434936523438e+01,1.224826049804687500e+01,1.438044548034667969e+01,1.508175945281982422e+01,1.203342914581298828e+01,1.282015800476074219e+01
1.533018684387207031e+01,1.484217357635498047e+01,1.349436283111572266e+01,1.302234172821044922e+01,0.000000000000000000e+00,0.000000000000000000e+00,0.000000000000000000e+00,0.000000000000000000e+00,1.289754009246826172e+01,1.276566696166992188e+01,1.231714057922363281e+01,1.063435935974121094e+01,1.544503116607666016e+01,1.489073848724365234e+01,1.363374233245849609e+01,1.314491558074951172e+01
1.722709465026855469e+01,1.583155059814453125e+01,1.579841899871826172e+01,1.489158916473388672e+01,2.006257247924804688e+01,1.800133132934570312e+01,1.759941673278808594e+01,1.610540580749511719e+01,2.028697013854980469e+01,1.956764602661132812e+01,1.789871215820312500e+01,1.557428073883056641e+01,1.609240722656250000e+01,1.470247459411621094e+01,1.474485683441162109e+01,1.514169788360595703e+01
1.423682117462158203e+01,1.292825984954833984e+01,1.280770301818847656e+01,1.347768306732177734e+01,1.620779228210449219e+01,1.664185905456542969e+01,1.528223705291748047e+01,1.620792198181152344e+01,1.374149036407470703e+01,1.433401393890380859e+01,1.335557842254638672e+01,1.304043006896972656e+01,1.409645366668701172e+01,1.324496269226074219e+01,1.414313411712646484e+01,1.409832572937011719e+01
1.254868602752685547e+01,1.305978107452392578e+01,1.382909488677978516e+01,1.336503410339355469e+01,1.792391967773437500e+01,1.545123481750488281e+01,1.553043270111083984e+01,1.646724128723144531e+01,1.528044605255126953e+01,1.470171356201171875e+01,1.295222759246826172e+01,1.222494983673095703e+01,1.255839157104492188e+01,1.344802379608154297e+01,1.463421630859375000e+01,1.460433006286621094e+01
1.426095867156982422e+01,1.315564727783203125e+01,1.294046878814697266e+01,1.394418621063232422e+01,1.523384475708007812e+01,1.601899147033691406e+01,1.462102317810058594e+01,1.600688362121582031e+01,1.609070587158203125e+01,1.525971698760986328e+01,1.322873497009277344e+01,1.242112445831298828e+01,1.348856830596923828e+01,1.377650260925292969e+01,1.203445625305175781e+01,1.473763084411621094e+01
1.584314155578613281e+01,1.430593395233154297e+01,1.313834095001220703e+01,1.421197032928466797e+01,1.366297054290771484e+01,1.523824691772460938e+01,1.461407661437988281e+01,1.624805831909179688e+01,1.178231906890869141e+01,1.317456436157226562e+01,1.212642478942871094e+01,1.212264347076416016e+01,1.581795787811279297e+01,1.472998619079589844e+01,1.305682277679443359e+01,1.458775520324707031e+01
1.770641708374023438e+01,1.669554901123046875e+01,1.513879680633544922e+01,1.376555156707763672e+01,2.068825340270996094e+01,1.813190078735351562e+01,1.663569450378417969e+01,1.575033187866210938e+01,1.305082511901855469e+01,1.154277706146240234e+01,1.109257888793945312e+01,1.083374786376953125e+01,1.741593170166015625e+01,1.656272697448730469e+01,1.484683704376220703e+01,1.357039642333984375e+01
1.489704895019531250e+01,1.442844486236572266e+01,1.275398254394531250e+01,1.284117317199707031e+01,1.871844863891601562e+01,1.633808708190917969e+01,1.541639232635498047e+01,1.637990951538085938e+01,1.380138397216796875e+01,1.227920436859130859e+01,1.191607952117919922e+01,1.158859634399414062e+01,1.540171146392822266e+01,1.439748954772949219e+01,1.279034709930419922e+01,1.318172264099121094e+01
1.001674175262451172e+01,1.266580867767333984e+01,1.220045089721679688e+01,1.272817516326904297e+01,1.699078178405761719e+01,1.633118438720703125e+01,1.387216567993164062e+01,1.694027519226074219e+01,1.193201732635498047e+01,1.133804798126220703e+01,1.052663993835449219e+01,1.093413734436035156e+01,9.426669120788574219e+00,1.256183147430419922e+01,1.081857585906982422e+01,1.301390075683593750e+01
1.379276084899902344e+01,1.233769130706787109e+01,1.207642555236816406e+01,1.258624744415283203e+01,1.464639663696289062e+01,1.615601730346679688e+01,1.513341617584228516e+01,1.666667938232421875e+01,1.321463012695312500e+01,1.364780616760253906e+01,1.286870574951171875e+01,1.206319713592529297e+01,1.351449394226074219e+01,1.240916442871093750e+01,1.185970687866210938e+01,1.252570152282714844e+01
1.758162689208984375e+01,1.631875419616699219e+01,1.565719413757324219e+01,1.445005512237548828e+01,1.792790031433105469e+01,1.896002960205078125e+01,1.662357139587402344e+01,1.685173416137695312e+01,2.010503005981445312e+01,1.973638916015625000e+01,1.859530067443847656e+01,1.616061782836914062e+01,1.701328277587890625e+01,1.645768547058105469e+01,1.557753753662109375e+01,1.486816215515136719e+01
1.484962940216064453e+01,1.443467521667480469e+01,1.345284080505371094e+01,1.465168094635009766e+01,1.715420722961425781e+01,1.524311923980712891e+01,1.624538803100585938e+01,1.705432701110839844e+01,1.332015323638916016e+01,1.371041774749755859e+01,1.350466346740722656e+01,1.316402435302734375e+01,1.496687412261962891e+01,1.423824787139892578e+01,1.397933959960937500e+01,1.505812072753906250e+01
1.829186439514160156e+01,1.695332145690917969e+01,1.468656921386718750e+01,1.395242691040039062e+01,1.539858913421630859e+01,1.598467636108398438e+01,1.580224704742431641e+01,1.689260101318359375e+01,1.328423213958740234e+01,1.194360256195068359e+01,1.301596832275390625e+01,1.289761543273925781e+01,1.838987350463867188e+01,1.695371246337890625e+01,1.419264888763427734e+01,1.508892250061035156e+01
1.550375652313232422e+01,1.237322998046875000e+01,1.240368270874023438e+01,1.379838085174560547e+01,1.584836006164550781e+01,1.707145500183105469e+01,1.639056015014648438e+01,1.680870628356933594e+01,1.416907882690429688e+01,1.356793212890625000e+01,1.364538002014160156e+01,1.307238674163818359e+01,1.548063755035400391e+01,1.397696399688720703e+01,1.271410560607910156e+01,1.482018184661865234e+01
1.150865364074707031e+01,1.209796428680419922e+01,1.285876178741455078e+01,1.367261028289794922e+01,1.736230468750000000e+01,1.503209114074707031e+01,1.539816761016845703e+01,1.678526878356933594e+01,1.575467014312744141e+01,1.401464080810546875e+01,1.201243114471435547e+01,1.399498081207275391e+01,1.251498603820800781e+01,1.094748783111572266e+01,1.291627979278564453e+01,1.445727157592773438e+01
1.398969650268554688e+01,1.274448490142822266e+01,1.238614654541015625e+01,1.334419918060302734e+01,1.862137985229492188e+01,1.770740318298339844e+01,1.422492122650146484e+01,1.693817710876464844e+01,1.574969196319580078e+01,1.437834262847900391e+01,1.183000278472900391e+01,1.370680427551269531e+01,1.430015373229980469e+01,1.336984539031982422e+01,1.251709747314453125e+01,1.381912136077880859e+01
1.444809722900390625e+01,1.380209445953369141e+01,1.314596843719482422e+01,1.344140529632568359e+01,1.361181354522705078e+01,1.536618137359619141e+01,1.657018089294433594e+01,1.634017944335937500e+01,1.325169944763183594e+01,1.368281269073486328e+01,1.319615459442138672e+01,1.330038642883300781e+01,1.454270362854003906e+01,1.382327651977539062e+01,1.335705757141113281e+01,1.395189380645751953e+01
1.458822154998779297e+01,1.490347957611083984e+01,1.402074241638183594e+01,1.351632404327392578e+01,1.630846977233886719e+01,1.821644020080566406e+01,1.389776515960693359e+01,1.710228919982910156e+01,1.472744750976562500e+01,1.386168193817138672e+01,1.385364913940429688e+01,1.443109703063964844e+01,1.494079685211181641e+01,1.491604137420654297e+01,1.395619773864746094e+01,1.393876934051513672e+01
1.610898780822753906e+01,1.576480484008789062e+01,1.417017650604248047e+01,1.390485954284667969e+01,1.872245407104492188e+01,1.833732414245605469e+01,1.725632095336914062e+01,1.663442802429199219e+01,1.517192745208740234e+01,1.401699542999267578e+01,1.348903465270996094e+01,1.346410942077636719e+01,1.552303409576416016e+01,1.604541397094726562e+01,1.425241184234619141e+01,1.382772254943847656e+01
1.558495807647705078e+01,1.585463809967041016e+01,1.397661781311035156e+01,1.290025329589843750e+01,1.956961822509765625e+01,1.728389167785644531e+01,1.667224121093750000e+01,1.636810111999511719e+01,1.313541507720947266e+01,1.201173496246337891e+01,1.255504989624023438e+01,1.144272232055664062e+01,1.571259689331054688e+01,1.611254501342773438e+01,1.387708282470703125e+01,1.300308704376220703e+01
1.490462779998779297e+01,1.428180789947509766e+01,1.334083271026611328e+01,1.308220386505126953e+01,1.742576408386230469e+01,1.527842807769775391e+01,1.395780849456787109e+01,1.608899497985839844e+01,1.283813381195068359e+01,1.209014129638671875e+01,1.122721099853515625e+01,1.181828689575195312e+01,1.512803745269775391e+01,1.478303146362304688e+01,1.373897743225097656e+01,1.324459075927734375e+01
1.396500587463378906e+01,1.163649559020996094e+01,1.130487060546875000e+01,1.191482353210449219e+01,1.515460968017578125e+01,1.594117069244384766e+01,1.562530899047851562e+01,1.654388236999511719e+01,1.525850009918212891e+01,1.431172752380371094e+01,1.506371402740478516e+01,1.482446956634521484e+01,1.349137496948242188e+01,1.191089916229248047e+01,1.237684345245361328e+01,1.227157020568847656e+01
1.462650680541992188e+01,1.513041591644287109e+01,1.474003314971923828e+01,1.267530536651611328e+01,1.729637718200683594e+01,1.742039299011230469e+01,1.468496227264404297e+01,1.655401039123535156e+01,1.706503105163574219e+01,1.629997444152832031e+01,1.421077251434326172e+01,1.406195831298828125e+01,1.472590637207031250e+01,1.552418518066406250e+01,1.487707996368408203e+01,1.283543205261230469e+01
1.462915325164794922e+01,1.403888511657714844e+01,1.174925518035888672e+01,1.216655540466308594e+01,1.569571685791015625e+01,1.649324226379394531e+01,1.458111763000488281e+01,1.641501998901367188e+01,1.366420078277587891e+01,1.408971691131591797e+01,1.293057250976562500e+01,1.250492954254150391e+01,1.476817035675048828e+01,1.414018344879150391e+01,1.217504310607910156e+01,1.209411716461181641e+01
1.703813743591308594e+01,1.480267524719238281e+01,1.292307281494140625e+01,1.320995903015136719e+01,1.857837486267089844e+01,1.583988475799560547e+01,1.655007934570312500e+01,1.688028717041015625e+01,1.598807716369628906e+01,1.349186038970947266e+01,1.375239849090576172e+01,1.387924957275390625e+01,1.736584854125976562e+01,1.531948852539062500e+01,1.324644947052001953e+01,1.333171558380126953e+01
1.271798706054687500e+01,1.204819679260253906e+01,1.154114437103271484e+01,1.194249248504638672e+01,1.612409019470214844e+01,1.604574012756347656e+01,1.490541172027587891e+01,1.672255516052246094e+01,1.426721858978271484e+01,1.447172927856445312e+01,1.251455783843994141e+01,1.405753135681152344e+01,1.281050968170166016e+01,1.162036228179931641e+01,1.195042514801025391e+01,1.216249561309814453e+01
1.820331382751464844e+01,1.635619544982910156e+01,1.536488246917724609e+01,1.534341907501220703e+01,1.970901298522949219e+01,1.872420120239257812e+01,1.702031517028808594e+01,1.703023529052734375e+01,1.968270683288574219e+01,1.905236434936523438e+01,1.811327743530273438e+01,1.586321830749511719e+01,1.785552787780761719e+01,1.644958496093750000e+01,1.569338035583496094e+01,1.574145793914794922e+01
1.523653125762939453e+01,1.509444808959960938e+01,1.484786033630371094e+01,1.445138263702392578e+01,1.652976226806640625e+01,1.747282028198242188e+01,1.393829345703125000e+01,1.715749549865722656e+01,1.492399883270263672e+01,1.564709758758544922e+01,1.217263126373291016e+01,1.432263565063476562e+01,1.572950649261474609e+01,1.495146465301513672e+01,1.408334159851074219e+01,1.488144493103027344e+01
1.732255363464355469e+01,1.763507652282714844e+01,1.546823120117187500e+01,1.425405979156494141e+01,1.674377250671386719e+01,1.445276737213134766e+01,1.643874359130859375e+01,1.727139091491699219e+01,1.535003089904785156e+01,1.302602386474609375e+01,1.396003723144531250e+01,1.359713935852050781e+01,1.735044860839843750e+01,1.775014495849609375e+01,1.548651885986328125e+01,1.508147335052490234e+01
1.473965644836425781e+01,1.476242160797119141e+01,1.268168926239013672e+01,1.365353488922119141e+01,1.651211166381835938e+01,1.602859497070312500e+01,1.652450752258300781e+01,1.728745841979980469e+01,1.566178131103515625e+01,1.376361465454101562e+01,1.451090335845947266e+01,1.461212253570556641e+01,1.493695068359375000e+01,1.461653900146484375e+01,1.325905323028564453e+01,1.430434703826904297e+01
1.625207901000976562e+01,1.483744144439697266e+01,1.350749874114990234e+01,1.332619380950927734e+01,1.690734481811523438e+01,1.609914398193359375e+01,1.652864074707031250e+01,1.700344657897949219e+01,1.595458316802978516e+01,1.450005245208740234e+01,1.472038078308105469e+01,1.409456443786621094e+01,1.633711051940917969e+01,1.491244697570800781e+01,1.330786800384521484e+01,1.412753868103027344e+01
1.516638088226318359e+01,1.406138610839843750e+01,1.231761169433593750e+01,1.294581604003906250e+01,1.652213287353515625e+01,1.637448692321777344e+01,1.565212440490722656e+01,1.694114303588867188e+01,1.554909610748291016e+01,1.480790042877197266e+01,1.377122688293457031e+01,1.449854373931884766e+01,1.536676216125488281e+01,1.412230110168457031e+01,1.280002784729003906e+01,1.364207649230957031e+01
1.566850280761718750e+01,1.392132854461669922e+01,1.211292648315429688e+01,1.319017314910888672e+01,1.750793266296386719e+01,1.550476074218750000e+01,1.579249668121337891e+01,1.725954437255859375e+01,1.585328769683837891e+01,1.452850151062011719e+01,1.278315544128417969e+01,1.419221496582031250e+01,1.562649822235107422e+01,1.407443523406982422e+01,1.289650726318359375e+01,1.315693759918212891e+01
1.689117050170898438e+01,1.559630489349365234e+01,1.294246482849121094e+01,1.398893547058105469e+01,1.702722930908203125e+01,1.568708992004394531e+01,1.435219573974609375e+01,1.739863204956054688e+01,1.508485221862792969e+01,1.400482177734375000e+01,1.110267639160156250e+01,1.389078044891357422e+01,1.707617950439453125e+01,1.579214286804199219e+01,1.317856693267822266e+01,1.388729953765869141e+01
1.258322429656982422e+01,1.495496940612792969e+01,1.442098426818847656e+01,1.325602436065673828e+01,1.625281143188476562e+01,1.464283370971679688e+01,1.617951583862304688e+01,1.670298194885253906e+01,1.380092811584472656e+01,1.420622253417968750e+01,1.392717647552490234e+01,1.367740345001220703e+01,1.260329055786132812e+01,1.524864768981933594e+01,1.454428005218505859e+01,1.399139022827148438e+01
1.706192016601562500e+01,1.420323371887207031e+01,1.354580497741699219e+01,1.354417133331298828e+01,1.713929939270019531e+01,1.490136337280273438e+01,1.539411830902099609e+01,1.719743347167968750e+01,1.456380176544189453e+01,1.471365737915039062e+01,1.364955234527587891e+01,1.500172805786132812e+01,1.715835380554199219e+01,1.467480278015136719e+01,1.320719909667968750e+01,1.426573944091796875e+01
1.679201316833496094e+01,1.506668090820312500e+01,1.336918735504150391e+01,1.285757255554199219e+01,1.760210418701171875e+01,1.650764465332031250e+01,1.472007179260253906e+01,1.618148803710937500e+01,1.441550064086914062e+01,1.399238395690917969e+01,1.285762691497802734e+01,1.316055965423583984e+01,1.689797973632812500e+01,1.526046752929687500e+01,1.340934181213378906e+01,1.369569206237792969e+01
1.620133209228515625e+01,1.583691787719726562e+01,1.263157463073730469e+01,1.344587421417236328e+01,1.713544654846191406e+01,1.415308666229248047e+01,1.591999149322509766e+01,1.595135498046875000e+01,1.571326828002929688e+01,1.251693725585937500e+01,1.443073368072509766e+01,1.312088489532470703e+01,1.630232048034667969e+01,1.604219818115234375e+01,1.258761024475097656e+01,1.332990264892578125e+01
1.718569946289062500e+01,1.589940071105957031e+01,1.485163307189941406e+01,1.297758674621582031e+01,1.762594032287597656e+01,1.461449050903320312e+01,1.244234371185302734e+01,1.479935169219970703e+01,1.704454421997070312e+01,1.456243038177490234e+01,1.375611400604248047e+01,1.368055629730224609e+01,1.708725929260253906e+01,1.594049739837646484e+01,1.496063327789306641e+01,1.298651218414306641e+01
1.786874961853027344e+01,1.670389175415039062e+01,1.427646923065185547e+01,1.325983524322509766e+01,1.420521545410156250e+01,1.565845775604248047e+01,1.454850673675537109e+01,1.523511409759521484e+01,1.438741302490234375e+01,1.499618339538574219e+01,1.442622470855712891e+01,1.418717670440673828e+01,1.802457427978515625e+01,1.681489181518554688e+01,1.446361541748046875e+01,1.334468936920166016e+01
1.344035053253173828e+01,1.274791049957275391e+01,1.220101642608642578e+01,1.130150032043457031e+01,1.578463268280029297e+01,1.356015968322753906e+01,1.514260864257812500e+01,1.566189670562744141e+01,1.615139961242675781e+01,1.336923217773437500e+01,1.479877090454101562e+01,1.514040565490722656e+01,1.308306884765625000e+01,1.238288116455078125e+01,1.178750419616699219e+01,1.153726387023925781e+01
1.351647758483886719e+01,1.165571784973144531e+01,1.036360263824462891e+01,1.136926269531250000e+01,1.524564743041992188e+01,1.510914421081542969e+01,1.451011180877685547e+01,1.568797302246093750e+01,1.621293258666992188e+01,1.577554130554199219e+01,1.409606075286865234e+01,1.491709804534912109e+01,1.297173309326171875e+01,1.171341419219970703e+01,1.107547187805175781e+01,1.181171417236328125e+01
1.126128482818603516e+01,1.062629985809326172e+01,1.088340377807617188e+01,1.111211967468261719e+01,1.573528480529785156e+01,1.471429729461669922e+01,1.532500743865966797e+01,1.509033966064453125e+01,1.662435913085937500e+01,1.588908195495605469e+01,1.546402263641357422e+01,1.422594070434570312e+01,1.067008018493652344e+01,1.047390747070312500e+01,1.061887550354003906e+01,1.177738475799560547e+01
8.667555809020996094e+00,1.019486713409423828e+01,1.016661262512207031e+01,1.128913879394531250e+01,1.651872444152832031e+01,1.426557350158691406e+01,1.481264591217041016e+01,1.586926746368408203e+01,1.673953437805175781e+01,1.372136688232421875e+01,1.452410984039306641e+01,1.510530567169189453e+01,1.057895374298095703e+01,1.007300472259521484e+01,1.071660327911376953e+01,1.153201961517333984e+01
8.724270820617675781e+00,7.948620319366455078e+00,9.866522789001464844e+00,1.107472419738769531e+01,1.419093227386474609e+01,1.407968235015869141e+01,1.465402889251708984e+01,1.544298171997070312e+01,9.073051452636718750e+00,1.324675178527832031e+01,1.388982009887695312e+01,1.424242591857910156e+01,7.234392642974853516e+00,9.673302650451660156e+00,1.024919128417968750e+01,1.133782196044921875e+01
1.410939025878906250e+01,1.199215412139892578e+01,1.203410053253173828e+01,1.226194953918457031e+01,1.549181079864501953e+01,1.531317615509033203e+01,1.322191238403320312e+01,1.582371139526367188e+01,1.583507537841796875e+01,1.490160083770751953e+01,1.238812637329101562e+01,1.478871345520019531e+01,1.413931274414062500e+01,1.211959838867187500e+01,1.250782680511474609e+01,1.219707012176513672e+01
1.680104637145996094e+01,1.515289878845214844e+01,1.453798389434814453e+01,1.304049205780029297e+01,1.554633617401123047e+01,1.494808101654052734e+01,1.520401477813720703e+01,1.514805412292480469e+01,1.344004821777343750e+01,1.429162502288818359e+01,1.401484394073486328e+01,1.368680763244628906e+01,1.693471717834472656e+01,1.514955425262451172e+01,1.450599479675292969e+01,1.306119155883789062e+01
1.677571678161621094e+01,1.667241477966308594e+01,1.290685749053955078e+01,1.330974960327148438e+01,1.597640228271484375e+01,1.581836795806884766e+01,1.454233741760253906e+01,1.574232006072998047e+01,1.580703544616699219e+01,1.505850410461425781e+01,1.352034187316894531e+01,1.498950004577636719e+01,1.690278816223144531e+01,1.676027107238769531e+01,1.261684417724609375e+01,1.331533336639404297e+01
1.770111846923828125e+01,1.562639904022216797e+01,1.449114894866943359e+01,1.221559143066406250e+01,1.653348350524902344e+01,1.599032211303710938e+01,1.506283855438232422e+01,1.576139163970947266e+01,1.696415328979492188e+01,1.624405288696289062e+01,1.495989131927490234e+01,1.477924919128417969e+01,1.783068847656250000e+01,1.573338794708251953e+01,1.459555435180664062e+01,1.227539920806884766e+01
1.673562622070312500e+01,1.430129432678222656e+01,1.323991680145263672e+01,1.212934207916259766e+01,1.386903953552246094e+01,1.533376789093017578e+01,1.283812236785888672e+01,1.582154178619384766e+01,1.320527935028076172e+01,1.482209968566894531e+01,1.159592628479003906e+01,1.492780590057373047e+01,1.689240646362304688e+01,1.443976879119873047e+01,1.308483505249023438e+01,1.231693363189697266e+01
1.366787338256835938e+01,1.123559570312500000e+01,1.107448005676269531e+01,1.120887374877929688e+01,1.691249084472656250e+01,1.491185379028320312e+01,1.519851493835449219e+01,1.566143798828125000e+01,1.704646492004394531e+01,1.486816310882568359e+01,1.467745208740234375e+01,1.480786895751953125e+01,1.357011508941650391e+01,1.199094772338867188e+01,1.084151744842529297e+01,1.125305175781250000e+01
9.381411552429199219e+00,1.060828495025634766e+01,1.051234626770019531e+01,1.075403404235839844e+01,1.603305435180664062e+01,1.497381114959716797e+01,1.317736148834228516e+01,1.553352642059326172e+01,1.565847110748291016e+01,1.491022300720214844e+01,1.209797382354736328e+01,1.451135540008544922e+01,9.122608184814453125e+00,1.100087261199951172e+01,1.099337387084960938e+01,1.113261032104492188e+01
1.091142177581787109e+01,1.095619487762451172e+01,8.976970672607421875e+00,1.103813457489013672e+01,1.209835338592529297e+01,1.581839084625244141e+01,1.498945140838623047e+01,1.567081260681152344e+01,1.362133407592773438e+01,1.593453598022460938e+01,1.483748531341552734e+01,1.498135375976562500e+01,1.052777671813964844e+01,1.053764820098876953e+01,1.009711170196533203e+01,1.129691982269287109e+01
1.333115959167480469e+01,1.123565673828125000e+01,8.977231979370117188e+00,1.127940177917480469e+01,1.666412544250488281e+01,1.463805484771728516e+01,1.454523563385009766e+01,1.609886360168457031e+01,1.705124282836914062e+01,1.519038486480712891e+01,1.405466365814208984e+01,1.536356353759765625e+01,1.287927246093750000e+01,1.098496150970458984e+01,1.024781036376953125e+01,1.127483367919921875e+01
1.386961746215820312e+01,1.378043460845947266e+01,1.320087623596191406e+01,1.185654735565185547e+01,1.452925014495849609e+01,1.382369232177734375e+01,1.325871562957763672e+01,1.592826461791992188e+01,1.431061267852783203e+01,1.413810348510742188e+01,1.335608673095703125e+01,1.511656665802001953e+01,1.375665760040283203e+01,1.377399539947509766e+01,1.301404380798339844e+01,1.175286006927490234e+01
1.550050258636474609e+01,1.339477825164794922e+01,1.233929347991943359e+01,1.128280258178710938e+01,1.383726119995117188e+01,1.440061378479003906e+01,1.425966644287109375e+01,1.566240024566650391e+01,1.554066181182861328e+01,1.481801223754882812e+01,1.381604862213134766e+01,1.508154106140136719e+01,1.568658638000488281e+01,1.357186031341552734e+01,1.213946342468261719e+01,1.129651165008544922e+01
1.110708904266357422e+01,1.151305580139160156e+01,9.691537857055664062e+00,1.016609668731689453e+01,1.466197204589843750e+01,1.494427108764648438e+01,1.404032421112060547e+01,1.570956993103027344e+01,1.149159336090087891e+01,1.432287979125976562e+01,1.390554332733154297e+01,1.489495086669921875e+01,1.074450016021728516e+01,1.147693538665771484e+01,1.094410800933837891e+01,1.112520599365234375e+01
1.065893650054931641e+01,1.060077476501464844e+01,1.062065315246582031e+01,1.081032085418701172e+01,1.494660949707031250e+01,1.519654655456542969e+01,1.401416015625000000e+01,1.598214149475097656e+01,1.545657253265380859e+01,1.558384132385253906e+01,1.344526290893554688e+01,1.541999149322509766e+01,1.075230312347412109e+01,1.070027160644531250e+01,1.130148220062255859e+01,1.107909488677978516e+01
1.719815826416015625e+01,1.573921585083007812e+01,1.426699829101562500e+01,1.104965496063232422e+01,1.554417705535888672e+01,1.478321552276611328e+01,1.426923465728759766e+01,1.577116012573242188e+01,1.655835914611816406e+01,1.469668579101562500e+01,1.384333038330078125e+01,1.506401252746582031e+01,1.734766387939453125e+01,1.593445491790771484e+01,1.433315467834472656e+01,1.127458953857421875e+01
1.509206485748291016e+01,1.625809097290039062e+01,1.349868869781494141e+01,1.177490329742431641e+01,1.531197166442871094e+01,1.365039157867431641e+01,1.438523578643798828e+01,1.578677558898925781e+01,1.564752674102783203e+01,1.395392322540283203e+01,1.469743633270263672e+01,1.510178565979003906e+01,1.521336460113525391e+01,1.643898200988769531e+01,1.383577442169189453e+01,1.207626819610595703e+01
1.841387748718261719e+01,1.563215351104736328e+01,1.296662902832031250e+01,1.258138561248779297e+01,1.284003067016601562e+01,1.574311637878417969e+01,1.346925544738769531e+01,1.546689414978027344e+01,1.512637519836425781e+01,1.543092632293701172e+01,1.306747627258300781e+01,1.448585796356201172e+01,1.854534339904785156e+01,1.584689235687255859e+01,1.305487155914306641e+01,1.269559955596923828e+01
1.546218776702880859e+01,1.532947731018066406e+01,1.432430744171142578e+01,1.284479331970214844e+01,1.595520782470703125e+01,1.593222332000732422e+01,1.467491722106933594e+01,1.589860439300537109e+01,1.531209087371826172e+01,1.511100292205810547e+01,1.417664241790771484e+01,1.521887874603271484e+01,1.573736763000488281e+01,1.538945388793945312e+01,1.439355850219726562e+01,1.301174259185791016e+01
1.402287483215332031e+01,1.258119869232177734e+01,1.117164707183837891e+01,1.122156143188476562e+01,1.546800231933593750e+01,1.331626701354980469e+01,1.549006938934326172e+01,1.596128368377685547e+01,1.513462066650390625e+01,1.299378108978271484e+01,1.540639972686767578e+01,1.548996829986572266e+01,1.419339847564697266e+01,1.285702705383300781e+01,1.104974746704101562e+01,1.145700740814208984e+01
1.211379814147949219e+01,1.014973163604736328e+01,1.092012691497802734e+01,1.079795265197753906e+01,1.615010070800781250e+01,1.415026664733886719e+01,1.463804435729980469e+01,1.587448406219482422e+01,1.675202751159667969e+01,1.432038211822509766e+01,1.409904575347900391e+01,1.537783241271972656e+01,1.288270664215087891e+01,1.086577415466308594e+01,1.088413333892822266e+01,1.096406555175781250e+01
1.131810951232910156e+01,1.099294090270996094e+01,1.099084758758544922e+01,1.068007373809814453e+01,1.240282726287841797e+01,1.453317451477050781e+01,1.445225334167480469e+01,1.588305473327636719e+01,1.265687561035156250e+01,1.452140331268310547e+01,1.443523311614990234e+01,1.543272876739501953e+01,1.144806480407714844e+01,1.093955421447753906e+01,1.053292179107666016e+01,1.096449851989746094e+01
1.083931541442871094e+01,1.055272769927978516e+01,9.894544601440429688e+00,1.072870349884033203e+01,1.579637622833251953e+01,1.537855148315429688e+01,1.458050823211669922e+01,1.603706741333007812e+01,1.677302742004394531e+01,1.571450901031494141e+01,1.486612606048583984e+01,1.569444847106933594e+01,8.574757575988769531e+00,9.107743263244628906e+00,1.029373836517333984e+01,1.094971084594726562e+01
1.045518207550048828e+01,1.119614219665527344e+01,1.051587867736816406e+01,1.083188152313232422e+01,1.555971336364746094e+01,1.407825279235839844e+01,1.485638046264648438e+01,1.589641666412353516e+01,1.547683334350585938e+01,1.416672420501708984e+01,1.495359325408935547e+01,1.545578384399414062e+01,1.076259326934814453e+01,1.025359344482421875e+01,1.026639652252197266e+01,1.133986568450927734e+01
1.050001335144042969e+01,1.158663272857666016e+01,1.082843589782714844e+01,1.014430904388427734e+01,1.684487724304199219e+01,1.581107139587402344e+01,1.477480602264404297e+01,1.616107559204101562e+01,1.704716110229492188e+01,1.609340667724609375e+01,1.485197925567626953e+01,1.581690502166748047e+01,1.132549858093261719e+01,1.185446929931640625e+01,1.071620750427246094e+01,1.102811145782470703e+01
9.757786750793457031e+00,1.099481010437011719e+01,1.050483512878417969e+01,1.032474231719970703e+01,1.394778060913085938e+01,1.451869106292724609e+01,1.486053276062011719e+01,1.601218032836914062e+01,1.425875663757324219e+01,1.396458435058593750e+01,1.487375259399414062e+01,1.565172958374023438e+01,9.591870307922363281e+00,1.124699974060058594e+01,1.084403705596923828e+01,1.105526351928710938e+01
1.057737445831298828e+01,9.132032394409179688e+00,1.071411418914794922e+01,1.027872753143310547e+01,1.449579524993896484e+01,1.396926403045654297e+01,1.432807445526123047e+01,1.606556320190429688e+01,1.567508697509765625e+01,1.537546443939208984e+01,1.396347713470458984e+01,1.577015972137451172e+01,1.194335842132568359e+01,1.073492622375488281e+01,9.868293762207031250e+00,1.039458084106445312e+01
1.093467521667480469e+01,8.902327537536621094e+00,1.086474609375000000e+01,1.057559204101562500e+01,1.428229808807373047e+01,1.230068206787109375e+01,1.486178684234619141e+01,1.562480258941650391e+01,1.475803756713867188e+01,1.336344528198242188e+01,1.526656913757324219e+01,1.516642665863037109e+01,1.134365081787109375e+01,1.060371971130371094e+01,1.089889049530029297e+01,1.086748409271240234e+01
1.264361286163330078e+01,1.225781154632568359e+01,1.067899894714355469e+01,1.084379291534423828e+01,1.354888534545898438e+01,1.376676082611083984e+01,1.439206695556640625e+01,1.606378555297851562e+01,1.262267303466796875e+01,1.401716232299804688e+01,1.444876861572265625e+01,1.567914676666259766e+01,1.246264171600341797e+01,1.161241817474365234e+01,9.601105690002441406e+00,1.093586444854736328e+01
1.350733089447021484e+01,1.065534496307373047e+01,9.239130020141601562e+00,1.009230899810791016e+01,1.534955215454101562e+01,1.460758304595947266e+01,1.405372428894042969e+01,1.599314498901367188e+01,1.631232261657714844e+01,1.548342227935791016e+01,1.359854984283447266e+01,1.560772323608398438e+01,1.378264904022216797e+01,1.093144989013671875e+01,9.044265747070312500e+00,1.049516487121582031e+01
1.034153270721435547e+01,1.188284015655517578e+01,1.032876777648925781e+01,1.049820232391357422e+01,1.287656879425048828e+01,1.448678493499755859e+01,1.530385017395019531e+01,1.563559532165527344e+01,1.335250854492187500e+01,1.482598114013671875e+01,1.529062080383300781e+01,1.523169136047363281e+01,1.071499919891357422e+01,1.163947010040283203e+01,1.004308223724365234e+01,1.021415138244628906e+01
1.339962959289550781e+01,1.170986270904541016e+01,1.112450408935546875e+01,1.041917800903320312e+01,1.447877407073974609e+01,1.540518283843994141e+01,1.446466064453125000e+01,1.627567291259765625e+01,1.485289573669433594e+01,1.569318389892578125e+01,1.441207122802734375e+01,1.586680221557617188e+01,1.351031398773193359e+01,1.134669971466064453e+01,1.065593719482421875e+01,1.096515369415283203e+01
1.041096210479736328e+01,1.374855613708496094e+01,1.186022567749023438e+01,1.045221614837646484e+01,1.529683303833007812e+01,1.400298976898193359e+01,1.458326244354248047e+01,1.592140007019042969e+01,1.506193637847900391e+01,1.425901508331298828e+01,1.461865997314453125e+01,1.555061244964599609e+01,1.159836769104003906e+01,1.381871414184570312e+01,1.239707183837890625e+01,1.065121078491210938e+01
1.654581642150878906e+01,1.467197799682617188e+01,1.318992900848388672e+01,1.180569553375244141e+01,1.395742797851562500e+01,1.535868549346923828e+01,1.446045589447021484e+01,1.625060844421386719e+01,1.317702007293701172e+01,1.588679790496826172e+01,1.432725715637207031e+01,1.596652412414550781e+01,1.663674354553222656e+01,1.465854930877685547e+01,1.314575004577636719e+01,1.197931194305419922e+01
1.788247680664062500e+01,1.668684768676757812e+01,1.303749370574951172e+01,1.334361743927001953e+01,1.245890998840332031e+01,1.691966247558593750e+01,1.474433708190917969e+01,1.599971485137939453e+01,1.451848983764648438e+01,1.656939697265625000e+01,1.440598773956298828e+01,1.548669528961181641e+01,1.806276893615722656e+01,1.675948524475097656e+01,1.321068382263183594e+01,1.338202190399169922e+01
1.791291809082031250e+01,1.729478836059570312e+01,1.481102275848388672e+01,1.330934429168701172e+01,1.587763595581054688e+01,1.669306373596191406e+01,1.590097332000732422e+01,1.607740783691406250e+01,1.615426063537597656e+01,1.646396636962890625e+01,1.582638072967529297e+01,1.562292766571044922e+01,1.809565353393554688e+01,1.739538383483886719e+01,1.483783054351806641e+01,1.333811378479003906e+01
1.721802711486816406e+01,1.387303447723388672e+01,1.231027221679687500e+01,1.137512016296386719e+01,1.675272941589355469e+01,1.424480152130126953e+01,1.378661727905273438e+01,1.601964187622070312e+01,1.714128303527832031e+01,1.502355480194091797e+01,1.430826187133789062e+01,1.573189353942871094e+01,1.730830574035644531e+01,1.385108280181884766e+01,1.222469043731689453e+01,1.146104812622070312e+01
1.805784606933593750e+01,1.517576885223388672e+01,1.516946697235107422e+01,1.530293560028076172e+01,1.968451309204101562e+01,1.859717559814453125e+01,1.673186111450195312e+01,1.691323661804199219e+01,2.059055328369140625e+01,1.953930091857910156e+01,1.750045776367187500e+01,1.673018264770507812e+01,1.804305076599121094e+01,1.439323520660400391e+01,1.487583446502685547e+01,1.531265926361083984e+01
1.375670814514160156e+01,1.384521007537841797e+01,1.305884456634521484e+01,1.332787418365478516e+01,1.564472675323486328e+01,1.592360687255859375e+01,1.476693630218505859e+01,1.617989540100097656e+01,1.631489944458007812e+01,1.637283706665039062e+01,1.501922225952148438e+01,1.602753829956054688e+01,1.401655769348144531e+01,1.391127777099609375e+01,1.287706661224365234e+01,1.422751617431640625e+01
1.594435596466064453e+01,1.426521587371826172e+01,1.329129028320312500e+01,1.359605121612548828e+01,1.520249271392822266e+01,1.386477088928222656e+01,1.517581176757812500e+01,1.611715507507324219e+01,1.631906509399414062e+01,1.537076187133789062e+01,1.496389579772949219e+01,1.572342014312744141e+01,1.634816551208496094e+01,1.434481906890869141e+01,1.328977203369140625e+01,1.337212085723876953e+01
1.605628585815429688e+01,1.557960605621337891e+01,1.383760070800781250e+01,1.316947555541992188e+01,1.535232639312744141e+01,1.476438331604003906e+01,1.518018722534179688e+01,1.620292091369628906e+01,1.612408065795898438e+01,1.529236602783203125e+01,1.453849411010742188e+01,1.581156635284423828e+01,1.595827770233154297e+01,1.571808719635009766e+01,1.454627037048339844e+01,1.388299369812011719e+01
1.336615180969238281e+01,1.349040889739990234e+01,1.280216693878173828e+01,1.358536052703857422e+01,1.276181983947753906e+01,1.452169704437255859e+01,1.425668239593505859e+01,1.611722564697265625e+01,1.399994087219238281e+01,1.497761535644531250e+01,1.460183811187744141e+01,1.577900791168212891e+01,1.354657173156738281e+01,1.290507793426513672e+01,1.299975585937500000e+01,1.406152915954589844e+01
1.585540866851806641e+01,1.368431663513183594e+01,1.361490535736083984e+01,1.315188503265380859e+01,1.480944442749023438e+01,1.539620208740234375e+01,1.442189407348632812e+01,1.596588420867919922e+01,1.546413803100585938e+01,1.498140144348144531e+01,1.451329421997070312e+01,1.554161167144775391e+01,1.612395095825195312e+01,1.389294528961181641e+01,1.425866603851318359e+01,1.295614242553710938e+01
1.310616207122802734e+01,1.384978008270263672e+01,1.265797805786132812e+01,1.299045753479003906e+01,1.596026134490966797e+01,1.419375419616699219e+01,1.566635036468505859e+01,1.634257698059082031e+01,1.618469238281250000e+01,1.526630020141601562e+01,1.593427371978759766e+01,1.604088783264160156e+01,1.279535865783691406e+01,1.415096855163574219e+01,1.376124668121337891e+01,1.373441505432128906e+01
1.322569751739501953e+01,1.149553680419921875e+01,1.187983608245849609e+01,1.295817470550537109e+01,1.420805358886718750e+01,1.380677032470703125e+01,1.391262149810791016e+01,1.620323181152343750e+01,1.381705951690673828e+01,1.510749912261962891e+01,1.397300148010253906e+01,1.593499946594238281e+01,1.330900955200195312e+01,1.211319732666015625e+01,1.138255691528320312e+01,1.385303115844726562e+01
1.125310039520263672e+01,1.271275901794433594e+01,1.138206100463867188e+01,1.246005916595458984e+01,1.566543865203857422e+01,1.497955417633056641e+01,1.511145973205566406e+01,1.610151100158691406e+01,1.647867202758789062e+01,1.468212413787841797e+01,1.510186100006103516e+01,1.578016376495361328e+01,1.230171585083007812e+01,1.258560562133789062e+01,1.204381275177001953e+01,1.300438022613525391e+01
1.228569602966308594e+01,1.087641811370849609e+01,1.106595134735107422e+01,1.208236694335937500e+01,1.504162883758544922e+01,1.346829032897949219e+01,1.411213302612304688e+01,1.606981849670410156e+01,1.459276485443115234e+01,1.335757160186767578e+01,1.470656776428222656e+01,1.568155860900878906e+01,1.326515293121337891e+01,1.038665294647216797e+01,1.056660938262939453e+01,1.240219879150390625e+01
1.173668861389160156e+01,1.076482105255126953e+01,1.090239524841308594e+01,1.182292556762695312e+01,1.508753681182861328e+01,1.449283599853515625e+01,1.505033969879150391e+01,1.615563774108886719e+01,1.662222671508789062e+01,1.502514457702636719e+01,1.504789066314697266e+01,1.590641403198242188e+01,1.234747791290283203e+01,1.053665447235107422e+01,1.186907577514648438e+01,1.232027339935302734e+01
1.055699253082275391e+01,1.062148284912109375e+01,1.140464878082275391e+01,1.276657009124755859e+01,1.505414009094238281e+01,1.482567787170410156e+01,1.517183303833007812e+01,1.593567943572998047e+01,1.592826080322265625e+01,1.557451820373535156e+01,1.550826549530029297e+01,1.544250583648681641e+01,1.185477924346923828e+01,1.103524112701416016e+01,1.157684993743896484e+01,1.265891265869140625e+01
9.772120475769042969e+00,1.039475631713867188e+01,1.150306415557861328e+01,1.232067108154296875e+01,1.702734184265136719e+01,1.565117549896240234e+01,1.446953582763671875e+01,1.594192790985107422e+01,1.825039291381835938e+01,1.693186378479003906e+01,1.485699462890625000e+01,1.549878501892089844e+01,1.211556911468505859e+01,1.209406089782714844e+01,1.119916343688964844e+01,1.335762405395507812e+01
1.143324375152587891e+01,1.192602729797363281e+01,1.106933307647705078e+01,1.318997859954833984e+01,1.635533905029296875e+01,1.479647922515869141e+01,1.544728660583496094e+01,1.629500007629394531e+01,1.647369384765625000e+01,1.495821952819824219e+01,1.523240947723388672e+01,1.593773365020751953e+01,1.216680240631103516e+01,1.240149784088134766e+01,1.151472377777099609e+01,1.404310131072998047e+01
1.262579631805419922e+01,1.108516979217529297e+01,1.178454875946044922e+01,1.269072628021240234e+01,1.346404075622558594e+01,1.546459674835205078e+01,1.612365722656250000e+01,1.602673530578613281e+01,1.464607048034667969e+01,1.589785861968994141e+01,1.634317398071289062e+01,1.571006584167480469e+01,1.360567092895507812e+01,1.170039844512939453e+01,1.220684814453125000e+01,1.368391799926757812e+01
1.342976284027099609e+01,1.185991859436035156e+01,1.258531284332275391e+01,1.345152473449707031e+01,1.783304786682128906e+01,1.664921188354492188e+01,1.517525672912597656e+01,1.647197532653808594e+01,1.889514732360839844e+01,1.751721382141113281e+01,1.588539886474609375e+01,1.582957172393798828e+01,1.319931507110595703e+01,1.234195041656494141e+01,1.369505119323730469e+01,1.507777690887451172e+01
1.831679725646972656e+01,1.532051467895507812e+01,1.300749492645263672e+01,1.210079383850097656e+01,1.781514930725097656e+01,1.642904472351074219e+01,1.445520877838134766e+01,1.573239994049072266e+01,1.754290771484375000e+01,1.607144927978515625e+01,1.470034885406494141e+01,1.531221771240234375e+01,1.850546836853027344e+01,1.559232902526855469e+01,1.295352268218994141e+01,1.224950885772705078e+01
1.720951080322265625e+01,1.367095470428466797e+01,1.378213691711425781e+01,1.224697208404541016e+01,1.760410690307617188e+01,1.526519298553466797e+01,1.561257362365722656e+01,1.662708473205566406e+01,1.756409263610839844e+01,1.557414531707763672e+01,1.463425064086914062e+01,1.640280151367187500e+01,1.731313896179199219e+01,1.348885631561279297e+01,1.380004024505615234e+01,1.247252178192138672e+01
1.543258285522460938e+01,1.528455638885498047e+01,1.338539123535156250e+01,1.041316699981689453e+01,1.590494537353515625e+01,1.617754554748535156e+01,1.479911613464355469e+01,1.631547355651855469e+01,1.634161758422851562e+01,1.546317863464355469e+01,1.530726718902587891e+01,1.600498580932617188e+01,1.560803699493408203e+01,1.543766212463378906e+01,1.346359825134277344e+01,1.068331336975097656e+01
1.394912338256835938e+01,1.257707977294921875e+01,1.118748092651367188e+01,1.006695270538330078e+01,1.697616577148437500e+01,1.586957645416259766e+01,1.482240867614746094e+01,1.620096588134765625e+01,1.769650077819824219e+01,1.607850265502929688e+01,1.472065925598144531e+01,1.601367378234863281e+01,1.444165611267089844e+01,1.304147720336914062e+01,1.155588436126708984e+01,1.105470371246337891e+01
1.005892181396484375e+01,1.206249618530273438e+01,1.030076599121093750e+01,1.033048152923583984e+01,1.637346267700195312e+01,1.639741134643554688e+01,1.495830726623535156e+01,1.638874816894531250e+01,1.757683181762695312e+01,1.710445213317871094e+01,1.504184913635253906e+01,1.629044723510742188e+01,9.070263862609863281e+00,1.157526206970214844e+01,1.093565368652343750e+01,1.065095329284667969e+01
1.134774971008300781e+01,9.437711715698242188e+00,9.749775886535644531e+00,1.071587371826171875e+01,1.460271644592285156e+01,1.507118225097656250e+01,1.494450378417968750e+01,1.664069366455078125e+01,1.598794651031494141e+01,1.554973506927490234e+01,1.471594524383544922e+01,1.637244033813476562e+01,1.044268989562988281e+01,9.174450874328613281e+00,1.033537292480468750e+01,1.071512222290039062e+01
9.462764739990234375e+00,1.053047752380371094e+01,9.946599006652832031e+00,1.038022422790527344e+01,1.515322017669677734e+01,1.509307575225830078e+01,1.563511943817138672e+01,1.644129371643066406e+01,1.619193649291992188e+01,1.561707496643066406e+01,1.583574771881103516e+01,1.617721366882324219e+01,9.327001571655273438e+00,1.004683876037597656e+01,1.065368843078613281e+01,1.014858722686767578e+01
9.730484008789062500e+00,1.074657726287841797e+01,1.033329486846923828e+01,1.031419944763183594e+01,1.688651084899902344e+01,1.513660621643066406e+01,1.549228763580322266e+01,1.654050827026367188e+01,1.769231414794921875e+01,1.559260082244873047e+01,1.555614185333251953e+01,1.631070899963378906e+01,1.056748294830322266e+01,1.108214569091796875e+01,9.960913658142089844e+00,1.050773429870605469e+01
1.775132179260253906e+01,1.517553043365478516e+01,1.535543441772460938e+01,1.438745594024658203e+01,2.071552467346191406e+01,1.902254104614257812e+01,1.746316337585449219e+01,1.644972610473632812e+01,2.036658668518066406e+01,1.903612518310546875e+01,1.749551582336425781e+01,1.607700729370117188e+01,1.793523788452148438e+01,1.548568058013916016e+01,1.564556407928466797e+01,1.432606410980224609e+01
1.678630638122558594e+01,1.565502548217773438e+01,1.473479843139648438e+01,1.398585128784179688e+01,1.666087150573730469e+01,1.570448112487792969e+01,1.649989700317382812e+01,1.634504890441894531e+01,1.495790958404541016e+01,1.557923698425292969e+01,1.654795646667480469e+01,1.623334121704101562e+01,1.676498031616210938e+01,1.556471443176269531e+01,1.370921134948730469e+01,1.445205402374267578e+01
1.488417148590087891e+01,1.210060024261474609e+01,1.274618244171142578e+01,1.369110393524169922e+01,1.605051231384277344e+01,1.618622207641601562e+01,1.549104690551757812e+01,1.651429557800292969e+01,1.696234893798828125e+01,1.615262413024902344e+01,1.488485336303710938e+01,1.618673515319824219e+01,1.497392177581787109e+01,1.309866905212402344e+01,1.316944885253906250e+01,1.440433788299560547e+01
1.556292152404785156e+01,9.836729049682617188e+00,1.131296825408935547e+01,1.248038864135742188e+01,1.539575576782226562e+01,1.666856193542480469e+01,1.553213310241699219e+01,1.656180381774902344e+01,1.545639514923095703e+01,1.636444664001464844e+01,1.560060024261474609e+01,1.620989418029785156e+01,1.568131160736083984e+01,1.076244544982910156e+01,1.232064533233642578e+01,1.397813892364501953e+01
1.543048286437988281e+01,1.458842086791992188e+01,1.303693771362304688e+01,1.371366691589355469e+01,1.554425716400146484e+01,1.640437698364257812e+01,1.367991828918457031e+01,1.622847557067871094e+01,1.592451667785644531e+01,1.657065010070800781e+01,1.369794464111328125e+01,1.602178192138671875e+01,1.554883575439453125e+01,1.455448341369628906e+01,1.328453922271728516e+01,1.453734302520751953e+01
1.694847488403320312e+01,1.592132759094238281e+01,1.351510238647460938e+01,1.356049728393554688e+01,1.560906696319580078e+01,1.578574657440185547e+01,1.551206874847412109e+01,1.611860084533691406e+01,1.607881355285644531e+01,1.601681900024414062e+01,1.526678466796875000e+01,1.575620079040527344e+01,1.706709861755371094e+01,1.610575485229492188e+01,1.400087356567382812e+01,1.439453887939453125e+01
1.206385040283203125e+01,1.410541820526123047e+01,1.332681083679199219e+01,1.330789852142333984e+01,1.565889739990234375e+01,1.529109477996826172e+01,1.443078041076660156e+01,1.619769477844238281e+01,1.598497772216796875e+01,1.536786651611328125e+01,1.416736888885498047e+01,1.587869644165039062e+01,1.239287757873535156e+01,1.392583942413330078e+01,1.349137878417968750e+01,1.410115718841552734e+01
1.540830039978027344e+01,1.262956047058105469e+01,1.269570446014404297e+01,1.386270523071289062e+01,1.411274623870849609e+01,1.570516872406005859e+01,1.506256389617919922e+01,1.651803016662597656e+01,1.590183258056640625e+01,1.704828643798828125e+01,1.542306995391845703e+01,1.621353149414062500e+01,1.589139556884765625e+01,1.401076698303222656e+01,1.356550693511962891e+01,1.517709922790527344e+01
1.625455665588378906e+01,1.453744983673095703e+01,1.432692241668701172e+01,1.303663444519042969e+01,1.739019203186035156e+01,1.578219699859619141e+01,1.621792984008789062e+01,1.648503303527832031e+01,1.833510589599609375e+01,1.662218475341796875e+01,1.649371528625488281e+01,1.632153511047363281e+01,1.633617591857910156e+01,1.479782390594482422e+01,1.470374774932861328e+01,1.470517826080322266e+01
1.859844779968261719e+01,1.649193954467773438e+01,1.502356052398681641e+01,1.226842689514160156e+01,1.804813194274902344e+01,1.657216072082519531e+01,1.470714187622070312e+01,1.652214622497558594e+01,1.851597785949707031e+01,1.731847190856933594e+01,1.479867267608642578e+01,1.619644546508789062e+01,1.872646331787109375e+01,1.659904670715332031e+01,1.499105453491210938e+01,1.239786815643310547e+01
1.301876831054687500e+01,1.236607837677001953e+01,1.060229206085205078e+01,1.036542034149169922e+01,1.680671882629394531e+01,1.565083980560302734e+01,1.512727642059326172e+01,1.644754791259765625e+01,1.735871124267578125e+01,1.617614364624023438e+01,1.481876373291015625e+01,1.629349517822265625e+01,1.310629940032958984e+01,1.189400959014892578e+01,1.178397178649902344e+01,1.105846309661865234e+01
1.169747543334960938e+01,1.017209815979003906e+01,9.639227867126464844e+00,9.894514083862304688e+00,1.641627311706542969e+01,1.527576065063476562e+01,1.511614513397216797e+01,1.616058349609375000e+01,1.781407546997070312e+01,1.581818962097167969e+01,1.489314842224121094e+01,1.593573188781738281e+01,1.111659622192382812e+01,9.691349983215332031e+00,1.064226436614990234e+01,1.065037536621093750e+01
1.026134586334228516e+01,1.101304435729980469e+01,1.125348567962646484e+01,1.010299777984619141e+01,1.675063705444335938e+01,1.252760887145996094e+01,1.580707550048828125e+01,1.634720802307128906e+01,1.767884445190429688e+01,1.346981143951416016e+01,1.605311965942382812e+01,1.615023612976074219e+01,1.072816848754882812e+01,1.009967327117919922e+01,1.056961441040039062e+01,1.037998008728027344e+01
1.589961147308349609e+01,1.562860584259033203e+01,1.405287075042724609e+01,1.004287147521972656e+01,1.719014167785644531e+01,1.717743492126464844e+01,1.529399681091308594e+01,1.659600830078125000e+01,1.900631904602050781e+01,1.790548515319824219e+01,1.493730163574218750e+01,1.632039642333984375e+01,1.608676528930664062e+01,1.563401699066162109e+01,1.402290439605712891e+01,1.030028343200683594e+01
1.200666522979736328e+01,9.695711135864257812e+00,9.920248985290527344e+00,1.005206108093261719e+01,1.591363048553466797e+01,1.573928356170654297e+01,1.442638397216796875e+01,1.634390640258789062e+01,1.612738609313964844e+01,1.630041313171386719e+01,1.517885398864746094e+01,1.609416007995605469e+01,1.133082199096679688e+01,8.329068183898925781e+00,1.049267673492431641e+01,1.027388286590576172e+01
1.016489315032958984e+01,1.103785610198974609e+01,9.404447555541992188e+00,1.005785751342773438e+01,1.621146965026855469e+01,1.475495910644531250e+01,1.438020229339599609e+01,1.664663124084472656e+01,1.615697669982910156e+01,1.446655368804931641e+01,1.465470218658447266e+01,1.630668258666992188e+01,9.457823753356933594e+00,1.015308094024658203e+01,1.039934730529785156e+01,9.904419898986816406e+00
1.052684211730957031e+01,9.516036033630371094e+00,1.084967899322509766e+01,1.007269477844238281e+01,1.475543022155761719e+01,1.386177635192871094e+01,1.499335670471191406e+01,1.646270751953125000e+01,1.650424194335937500e+01,1.366973686218261719e+01,1.515134716033935547e+01,1.613608169555664062e+01,1.069041919708251953e+01,1.064523506164550781e+01,1.084333515167236328e+01,1.072408962249755859e+01
1.053090000152587891e+01,1.011433887481689453e+01,1.086447525024414062e+01,9.392480850219726562e+00,1.306199836730957031e+01,1.461764526367187500e+01,1.466724967956542969e+01,1.649462699890136719e+01,1.563199234008789062e+01,1.541757965087890625e+01,1.498776435852050781e+01,1.616652297973632812e+01,8.030390739440917969e+00,1.057563781738281250e+01,1.096759510040283203e+01,9.161727905273437500e+00
1.079761600494384766e+01,1.025456428527832031e+01,1.088917922973632812e+01,1.035628128051757812e+01,1.656378555297851562e+01,1.561116409301757812e+01,1.497225952148437500e+01,1.678787040710449219e+01,1.692891502380371094e+01,1.604187583923339844e+01,1.498467254638671875e+01,1.660207939147949219e+01,1.071256828308105469e+01,9.273110389709472656e+00,1.066438674926757812e+01,1.049698448181152344e+01
1.229609489440917969e+01,1.091673088073730469e+01,1.024983119964599609e+01,1.005263805389404297e+01,1.712027931213378906e+01,1.701828193664550781e+01,1.542418956756591797e+01,1.606329536437988281e+01,1.763106536865234375e+01,1.722655868530273438e+01,1.523165321350097656e+01,1.578508949279785156e+01,1.192539024353027344e+01,1.095393562316894531e+01,1.006138134002685547e+01,9.783365249633789062e+00
1.145583534240722656e+01,1.115409088134765625e+01,1.047766208648681641e+01,1.071226406097412109e+01,1.634641265869140625e+01,1.468821525573730469e+01,1.429676532745361328e+01,1.640043640136718750e+01,1.762539482116699219e+01,1.594347763061523438e+01,1.455932426452636719e+01,1.609475517272949219e+01,1.066340923309326172e+01,1.114867973327636719e+01,1.015717315673828125e+01,1.053255176544189453e+01
1.195531654357910156e+01,1.027262878417968750e+01,1.041086101531982422e+01,9.835486412048339844e+00,1.595041942596435547e+01,1.678638648986816406e+01,1.386970329284667969e+01,1.658400344848632812e+01,1.655647468566894531e+01,1.750276184082031250e+01,1.424767208099365234e+01,1.625191307067871094e+01,1.118241882324218750e+01,1.039134502410888672e+01,1.024619579315185547e+01,1.081296157836914062e+01
1.567540168762207031e+01,1.608826637268066406e+01,1.511891460418701172e+01,1.500214958190917969e+01,1.997419357299804688e+01,1.920648193359375000e+01,1.811531829833984375e+01,1.656624984741210938e+01,1.970111656188964844e+01,1.930563735961914062e+01,1.848311996459960938e+01,1.645782470703125000e+01,1.625629615783691406e+01,1.624846839904785156e+01,1.547589111328125000e+01,1.535874271392822266e+01
1.468027114868164062e+01,1.432610797882080078e+01,1.282970714569091797e+01,1.372397232055664062e+01,1.785886001586914062e+01,1.555915927886962891e+01,1.492770290374755859e+01,1.623855018615722656e+01,1.810446166992187500e+01,1.433266162872314453e+01,1.507424354553222656e+01,1.604591178894042969e+01,1.492603874206542969e+01,1.458866119384765625e+01,1.367640399932861328e+01,1.496074771881103516e+01
1.489042186737060547e+01,1.590117168426513672e+01,1.342481613159179688e+01,1.383313369750976562e+01,1.625495719909667969e+01,1.736721420288085938e+01,1.521825218200683594e+01,1.644634628295898438e+01,1.569844341278076172e+01,1.648973274230957031e+01,1.461666011810302734e+01,1.648370933532714844e+01,1.479582214355468750e+01,1.614261436462402344e+01,1.389501953125000000e+01,1.432052803039550781e+01
1.366221714019775391e+01,1.292742156982421875e+01,1.306002044677734375e+01,1.401285648345947266e+01,1.598425769805908203e+01,1.631663322448730469e+01,1.495284843444824219e+01,1.653118515014648438e+01,1.679920196533203125e+01,1.659954071044921875e+01,1.520353984832763672e+01,1.635255050659179688e+01,1.335433197021484375e+01,1.269064998626708984e+01,1.394463062286376953e+01,1.449049472808837891e+01
1.421778297424316406e+01,1.200029850006103516e+01,1.251307582855224609e+01,1.337302589416503906e+01,1.600146102905273438e+01,1.458787918090820312e+01,1.498874759674072266e+01,1.639424896240234375e+01,1.621075820922851562e+01,1.418996906280517578e+01,1.472013854980468750e+01,1.617403030395507812e+01,1.397855758666992188e+01,1.219779872894287109e+01,1.270660305023193359e+01,1.469348621368408203e+01
1.389199447631835938e+01,1.419644355773925781e+01,1.307161140441894531e+01,1.244341087341308594e+01,1.571403884887695312e+01,1.611130142211914062e+01,1.575062942504882812e+01,1.651286697387695312e+01,1.435573673248291016e+01,1.609482574462890625e+01,1.560905265808105469e+01,1.632661247253417969e+01,1.404480075836181641e+01,1.414168930053710938e+01,1.338255691528320312e+01,1.361178970336914062e+01
1.180786514282226562e+01,1.170471668243408203e+01,1.112232971191406250e+01,1.343683528900146484e+01,1.559641551971435547e+01,1.486558914184570312e+01,1.430783462524414062e+01,1.666577911376953125e+01,1.601072692871093750e+01,1.492303466796875000e+01,1.434745788574218750e+01,1.644972229003906250e+01,1.275051307678222656e+01,1.163574218750000000e+01,1.108806991577148438e+01,1.335973453521728516e+01
1.426288700103759766e+01,1.270585918426513672e+01,1.192558956146240234e+01,1.306398105621337891e+01,1.632660484313964844e+01,1.634322357177734375e+01,1.513498592376708984e+01,1.660144805908203125e+01,1.638652420043945312e+01,1.640418243408203125e+01,1.517839431762695312e+01,1.636908531188964844e+01,1.432738113403320312e+01,1.266777706146240234e+01,1.273430442810058594e+01,1.341314411163330078e+01
1.373065090179443359e+01,1.204705810546875000e+01,1.133723449707031250e+01,1.313347911834716797e+01,1.790242767333984375e+01,1.541388320922851562e+01,1.548865032196044922e+01,1.680431938171386719e+01,1.792014312744140625e+01,1.605554580688476562e+01,1.534404945373535156e+01,1.653878784179687500e+01,1.233768558502197266e+01,1.219828796386718750e+01,1.194078922271728516e+01,1.372936439514160156e+01
1.456199455261230469e+01,1.280417823791503906e+01,1.290001106262207031e+01,1.332450103759765625e+01,1.539666461944580078e+01,1.559947872161865234e+01,1.577282905578613281e+01,1.624884796142578125e+01,1.511127471923828125e+01,1.562709903717041016e+01,1.549950313568115234e+01,1.602310371398925781e+01,1.489911746978759766e+01,1.348300552368164062e+01,1.351171493530273438e+01,1.380967140197753906e+01
1.357013225555419922e+01,1.058908653259277344e+01,1.181186485290527344e+01,1.207003688812255859e+01,1.754646873474121094e+01,1.568846321105957031e+01,1.431024456024169922e+01,1.662255859375000000e+01,1.801867675781250000e+01,1.575897407531738281e+01,1.466129684448242188e+01,1.638495063781738281e+01,1.285093307495117188e+01,1.102484989166259766e+01,1.115969276428222656e+01,1.287669754028320312e+01
1.218196964263916016e+01,1.018822288513183594e+01,1.182762813568115234e+01,1.157400226593017578e+01,1.504701709747314453e+01,1.366971969604492188e+01,1.510065364837646484e+01,1.674736022949218750e+01,1.439447212219238281e+01,1.271342372894287109e+01,1.531053733825683594e+01,1.648017311096191406e+01,1.048056697845458984e+01,1.018341159820556641e+01,1.204800605773925781e+01,1.262925052642822266e+01
1.262509727478027344e+01,1.275952911376953125e+01,1.185369491577148438e+01,1.294515419006347656e+01,1.430931758880615234e+01,1.592796993255615234e+01,1.477568054199218750e+01,1.666710090637207031e+01,1.367356395721435547e+01,1.688959693908691406e+01,1.513970565795898438e+01,1.639780616760253906e+01,1.223624897003173828e+01,1.273184108734130859e+01,1.065232563018798828e+01,1.361946964263916016e+01
1.419391250610351562e+01,1.291667079925537109e+01,1.134354591369628906e+01,1.332420444488525391e+01,1.649844741821289062e+01,1.525762557983398438e+01,1.514943313598632812e+01,1.671748161315917969e+01,1.636252593994140625e+01,1.575226593017578125e+01,1.496482658386230469e+01,1.644063377380371094e+01,1.438423347473144531e+01,1.356347179412841797e+01,1.155033588409423828e+01,1.317467975616455078e+01
1.495885181427001953e+01,1.573441696166992188e+01,1.545722293853759766e+01,1.304735183715820312e+01,1.886663818359375000e+01,1.792083549499511719e+01,1.466963768005371094e+01,1.690770912170410156e+01,1.939398765563964844e+01,1.776239204406738281e+01,1.475730991363525391e+01,1.657306671142578125e+01,1.531554222106933594e+01,1.587760734558105469e+01,1.560309505462646484e+01,1.333851146697998047e+01
1.198337745666503906e+01,1.275410938262939453e+01,1.165977764129638672e+01,9.837230682373046875e+00,1.597222805023193359e+01,1.558766365051269531e+01,1.442345237731933594e+01,1.672171401977539062e+01,1.773818016052246094e+01,1.648230361938476562e+01,1.459204769134521484e+01,1.659099006652832031e+01,1.081565189361572266e+01,1.301693344116210938e+01,1.090595149993896484e+01,1.050870704650878906e+01
1.116833305358886719e+01,1.075420951843261719e+01,9.097079277038574219e+00,9.740981101989746094e+00,1.218426799774169922e+01,1.502611732482910156e+01,1.559682178497314453e+01,1.647502517700195312e+01,1.387789535522460938e+01,1.636126136779785156e+01,1.579123401641845703e+01,1.624650764465332031e+01,1.154857254028320312e+01,1.122066116333007812e+01,9.297286033630371094e+00,1.030958461761474609e+01
1.474654102325439453e+01,1.403185844421386719e+01,1.419448375701904297e+01,1.030163288116455078e+01,1.637115478515625000e+01,1.673210334777832031e+01,1.561219978332519531e+01,1.686168861389160156e+01,1.668658447265625000e+01,1.668889427185058594e+01,1.523695468902587891e+01,1.671911621093750000e+01,1.517123222351074219e+01,1.423958206176757812e+01,1.442368984222412109e+01,1.152191257476806641e+01
1.430245113372802734e+01,1.396202373504638672e+01,1.087089347839355469e+01,9.452763557434082031e+00,1.721610260009765625e+01,1.560443019866943359e+01,1.535642623901367188e+01,1.622526168823242188e+01,1.757565689086914062e+01,1.598319721221923828e+01,1.541991138458251953e+01,1.592313098907470703e+01,1.455441856384277344e+01,1.415750694274902344e+01,1.090503597259521484e+01,1.035262107849121094e+01
8.952085494995117188e+00,1.141233444213867188e+01,1.061488151550292969e+01,1.015668773651123047e+01,1.674044227600097656e+01,1.580095577239990234e+01,1.385226726531982422e+01,1.640384864807128906e+01,1.647078514099121094e+01,1.585169124603271484e+01,1.412509155273437500e+01,1.605712699890136719e+01,1.020733547210693359e+01,1.053585529327392578e+01,1.143898105621337891e+01,1.007448101043701172e+01
1.292832946777343750e+01,1.114235305786132812e+01,1.071881484985351562e+01,9.846532821655273438e+00,1.706603622436523438e+01,1.668264007568359375e+01,1.570469760894775391e+01,1.653954887390136719e+01,1.700995254516601562e+01,1.693744659423828125e+01,1.565404224395751953e+01,1.632775306701660156e+01,1.270421314239501953e+01,1.105647373199462891e+01,1.080533981323242188e+01,1.012229537963867188e+01
1.224826431274414062e+01,1.157219314575195312e+01,1.014982318878173828e+01,1.051064300537109375e+01,1.697821235656738281e+01,1.690739822387695312e+01,1.544916820526123047e+01,1.643576622009277344e+01,1.737380790710449219e+01,1.731283378601074219e+01,1.526694393157958984e+01,1.613155174255371094e+01,1.371148300170898438e+01,1.192787647247314453e+01,1.054909801483154297e+01,1.097043609619140625e+01
1.532343864440917969e+01,1.446212577819824219e+01,1.390173244476318359e+01,1.503829860687255859e+01,1.970305633544921875e+01,1.921027565002441406e+01,1.727563285827636719e+01,1.654598808288574219e+01,1.983010101318359375e+01,1.956226348876953125e+01,1.741691398620605469e+01,1.630042839050292969e+01,1.548901176452636719e+01,1.490971755981445312e+01,1.500760555267333984e+01,1.525100612640380859e+01
1.445652484893798828e+01,1.393418979644775391e+01,1.339814662933349609e+01,1.357972717285156250e+01,1.557849121093750000e+01,1.707139015197753906e+01,1.622517967224121094e+01,1.694798278808593750e+01,1.462155342102050781e+01,1.741979026794433594e+01,1.635422897338867188e+01,1.666475677490234375e+01,1.484679412841796875e+01,1.434076118469238281e+01,1.302046966552734375e+01,1.479973316192626953e+01
1.677620124816894531e+01,1.512810897827148438e+01,1.390451526641845703e+01,1.323026275634765625e+01,1.608943557739257812e+01,1.675211524963378906e+01,1.519505119323730469e+01,1.663156700134277344e+01,1.632998085021972656e+01,1.685916519165039062e+01,1.529315757751464844e+01,1.642478752136230469e+01,1.685764884948730469e+01,1.510827827453613281e+01,1.403991508483886719e+01,1.474570083618164062e+01
8.175580978393554688e+00,1.226484203338623047e+01,1.198635005950927734e+01,1.212581157684326172e+01,1.721228790283203125e+01,1.650562286376953125e+01,1.516494655609130859e+01,1.627742385864257812e+01,1.742605400085449219e+01,1.626557159423828125e+01,1.526353549957275391e+01,1.593587875366210938e+01,8.272390365600585938e+00,1.246358966827392578e+01,1.216216850280761719e+01,1.277074623107910156e+01
1.188635444641113281e+01,1.125479316711425781e+01,1.188317489624023438e+01,1.295205211639404297e+01,1.664866065979003906e+01,1.592865943908691406e+01,1.661669540405273438e+01,1.641724586486816406e+01,1.694729042053222656e+01,1.581036663055419922e+01,1.648790359497070312e+01,1.623039817810058594e+01,1.145033168792724609e+01,1.148724842071533203e+01,1.199622821807861328e+01,1.269838714599609375e+01
1.308008861541748047e+01,1.198787021636962891e+01,9.684955596923828125e+00,1.197665405273437500e+01,1.623831939697265625e+01,1.589397811889648438e+01,1.420509052276611328e+01,1.655113220214843750e+01,1.699553871154785156e+01,1.647762107849121094e+01,1.473139190673828125e+01,1.629734611511230469e+01,1.280194091796875000e+01,1.186374664306640625e+01,1.017716693878173828e+01,1.217460250854492188e+01
1.259218502044677734e+01,1.127540493011474609e+01,1.084699344635009766e+01,1.208145332336425781e+01,1.821375083923339844e+01,1.539335727691650391e+01,1.494533920288085938e+01,1.659070777893066406e+01,1.876287078857421875e+01,1.640493392944335938e+01,1.512173080444335938e+01,1.634392166137695312e+01,1.263918018341064453e+01,1.154502105712890625e+01,1.073079013824462891e+01,1.214028835296630859e+01
1.024203681945800781e+01,1.167007827758789062e+01,1.014502143859863281e+01,1.093117809295654297e+01,1.676610565185546875e+01,1.567177581787109375e+01,1.536108875274658203e+01,1.647314453125000000e+01,1.680398368835449219e+01,1.624725341796875000e+01,1.492547702789306641e+01,1.621139907836914062e+01,9.372826576232910156e+00,1.089294052124023438e+01,1.046414089202880859e+01,1.113418388366699219e+01
1.194656944274902344e+01,1.219442081451416016e+01,1.082236480712890625e+01,1.220959568023681641e+01,1.678651428222656250e+01,1.509745597839355469e+01,1.472304916381835938e+01,1.664205932617187500e+01,1.751244544982910156e+01,1.635165977478027344e+01,1.403094387054443359e+01,1.640990638732910156e+01,1.219810199737548828e+01,1.162931346893310547e+01,1.152513504028320312e+01,1.264999580383300781e+01
1.338467121124267578e+01,1.245190048217773438e+01,1.114241886138916016e+01,1.280005645751953125e+01,1.627223205566406250e+01,1.570737075805664062e+01,1.612219429016113281e+01,1.655230331420898438e+01,1.764067268371582031e+01,1.620581436157226562e+01,1.616035270690917969e+01,1.640265846252441406e+01,1.255221366882324219e+01,1.309353637695312500e+01,1.139868545532226562e+01,1.357318305969238281e+01
1.348910522460937500e+01,1.256604194641113281e+01,1.146173286437988281e+01,1.257697105407714844e+01,1.643063163757324219e+01,1.367900753021240234e+01,1.584168815612792969e+01,1.644529724121093750e+01,1.690293312072753906e+01,1.535310459136962891e+01,1.575405311584472656e+01,1.604132270812988281e+01,1.410354328155517578e+01,1.299791908264160156e+01,1.283943367004394531e+01,1.372866535186767578e+01
1.163041591644287109e+01,1.228968906402587891e+01,1.179499816894531250e+01,1.292606258392333984e+01,1.566959762573242188e+01,1.606103515625000000e+01,1.566989707946777344e+01,1.670336151123046875e+01,1.609523963928222656e+01,1.617484664916992188e+01,1.580594825744628906e+01,1.647575569152832031e+01,1.084986686706542969e+01,1.212814331054687500e+01,1.190673065185546875e+01,1.372222900390625000e+01
1.345939540863037109e+01,1.166377449035644531e+01,1.188477420806884766e+01,1.156393814086914062e+01,1.724715805053710938e+01,1.540112590789794922e+01,1.549758434295654297e+01,1.685921096801757812e+01,1.819237136840820312e+01,1.669193458557128906e+01,1.472906875610351562e+01,1.647975730895996094e+01,1.392800521850585938e+01,1.146706390380859375e+01,1.238284587860107422e+01,1.143025493621826172e+01
1.307707500457763672e+01,1.141769027709960938e+01,1.154697895050048828e+01,1.219385910034179688e+01,1.752609062194824219e+01,1.540577220916748047e+01,1.422259235382080078e+01,1.685409355163574219e+01,1.807155227661132812e+01,1.661385726928710938e+01,1.316478061676025391e+01,1.671298599243164062e+01,1.268754291534423828e+01,1.220476150512695312e+01,1.142382431030273438e+01,1.257771682739257812e+01
1.585905647277832031e+01,1.541004276275634766e+01,1.365632247924804688e+01,1.198073863983154297e+01,1.841793632507324219e+01,1.754528617858886719e+01,1.685874366760253906e+01,1.651028442382812500e+01,1.877839279174804688e+01,1.716360282897949219e+01,1.699389839172363281e+01,1.618758201599121094e+01,1.629600715637207031e+01,1.556864452362060547e+01,1.360353469848632812e+01,1.198969936370849609e+01
1.370704746246337891e+01,1.322412967681884766e+01,1.302395820617675781e+01,1.099114704132080078e+01,1.813816261291503906e+01,1.647924995422363281e+01,1.656507492065429688e+01,1.710066986083984375e+01,1.880331993103027344e+01,1.658690834045410156e+01,1.655038070678710938e+01,1.691582679748535156e+01,1.409950256347656250e+01,1.282542610168457031e+01,1.320020771026611328e+01,1.083167076110839844e+01
1.561339092254638672e+01,1.462305641174316406e+01,1.231137561798095703e+01,9.900084495544433594e+00,1.636362075805664062e+01,1.549540233612060547e+01,1.540083789825439453e+01,1.677407836914062500e+01,1.654082679748535156e+01,1.337827682495117188e+01,1.574598026275634766e+01,1.651056861877441406e+01,1.579952907562255859e+01,1.474919033050537109e+01,1.261104393005371094e+01,1.062638664245605469e+01
1.003415870666503906e+01,9.732112884521484375e+00,9.856124877929687500e+00,9.575308799743652344e+00,1.763347053527832031e+01,1.645462036132812500e+01,1.533175468444824219e+01,1.660130882263183594e+01,1.773517417907714844e+01,1.656364059448242188e+01,1.456124401092529297e+01,1.629669952392578125e+01,1.189646148681640625e+01,1.114362239837646484e+01,1.054705619812011719e+01,1.019936275482177734e+01
8.678921699523925781e+00,1.117520713806152344e+01,1.044955158233642578e+01,9.092389106750488281e+00,1.572556591033935547e+01,1.568067455291748047e+01,1.580432510375976562e+01,1.634629249572753906e+01,1.682474136352539062e+01,1.615811729431152344e+01,1.597808933258056641e+01,1.614118385314941406e+01,9.453301429748535156e+00,1.026160526275634766e+01,1.022882175445556641e+01,1.001957511901855469e+01
9.120562553405761719e+00,1.022710609436035156e+01,1.070608139038085938e+01,9.688803672790527344e+00,1.557103919982910156e+01,1.582837486267089844e+01,1.473452186584472656e+01,1.668967628479003906e+01,1.575405216217041016e+01,1.628083610534667969e+01,1.475729560852050781e+01,1.639234161376953125e+01,9.566892623901367188e+00,1.065231990814208984e+01,1.117508125305175781e+01,9.633298873901367188e+00
1.142611312866210938e+01,9.588556289672851562e+00,8.900453567504882812e+00,9.634478569030761719e+00,1.759209632873535156e+01,1.555453681945800781e+01,1.490193462371826172e+01,1.665823936462402344e+01,1.815001678466796875e+01,1.653932189941406250e+01,1.494959926605224609e+01,1.644052124023437500e+01,8.384891510009765625e+00,1.045569038391113281e+01,1.035845184326171875e+01,9.579099655151367188e+00
7.858063697814941406e+00,1.022842216491699219e+01,1.085892391204833984e+01,9.182498931884765625e+00,1.682491302490234375e+01,1.520980548858642578e+01,1.545989894866943359e+01,1.648353195190429688e+01,1.726563644409179688e+01,1.541689014434814453e+01,1.546458911895751953e+01,1.625814247131347656e+01,8.981685638427734375e+00,1.143035411834716797e+01,9.005373954772949219e+00,9.057961463928222656e+00
1.105198955535888672e+01,1.154770660400390625e+01,9.729639053344726562e+00,9.981069564819335938e+00,1.603966522216796875e+01,1.659834861755371094e+01,1.602375030517578125e+01,1.686387062072753906e+01,1.697851371765136719e+01,1.694060325622558594e+01,1.585471439361572266e+01,1.665554428100585938e+01,1.095209503173828125e+01,1.087602710723876953e+01,1.025463008880615234e+01,9.725155830383300781e+00
1.123125839233398438e+01,1.127988624572753906e+01,8.273972511291503906e+00,9.145925521850585938e+00,1.785685157775878906e+01,1.587739562988281250e+01,1.457473564147949219e+01,1.663187026977539062e+01,1.850798606872558594e+01,1.636865615844726562e+01,1.409047985076904297e+01,1.639202117919921875e+01,9.499558448791503906e+00,1.173889732360839844e+01,1.013679790496826172e+01,9.691926956176757812e+00
8.268953323364257812e+00,1.029429531097412109e+01,8.371505737304687500e+00,9.559084892272949219e+00,1.557172775268554688e+01,1.560739803314208984e+01,1.625583076477050781e+01,1.669339561462402344e+01,1.607734298706054688e+01,1.558557033538818359e+01,1.610113716125488281e+01,1.644524383544921875e+01,1.041850090026855469e+01,1.049996280670166016e+01,9.151464462280273438e+00,1.060544681549072266e+01
1.400141239166259766e+01,1.462270641326904297e+01,1.526640319824218750e+01,1.298102664947509766e+01,1.905879211425781250e+01,1.903065681457519531e+01,1.683244705200195312e+01,1.693011283874511719e+01,1.875063705444335938e+01,1.933556938171386719e+01,1.671742820739746094e+01,1.674905967712402344e+01,1.472126579284667969e+01,1.526213264465332031e+01,1.517088699340820312e+01,1.364954757690429688e+01
1.624158859252929688e+01,1.489175033569335938e+01,1.364621829986572266e+01,1.421236515045166016e+01,1.843418502807617188e+01,1.810937690734863281e+01,1.581264209747314453e+01,1.686097335815429688e+01,1.862314414978027344e+01,1.785686302185058594e+01,1.599341297149658203e+01,1.681847763061523438e+01,1.656736755371093750e+01,1.526073837280273438e+01,1.365880298614501953e+01,1.495936393737792969e+01
1.236646938323974609e+01,1.162910747528076172e+01,1.253341007232666016e+01,1.405021667480468750e+01,1.704734039306640625e+01,1.683294486999511719e+01,1.526948547363281250e+01,1.681313896179199219e+01,1.704411506652832031e+01,1.700354385375976562e+01,1.554665184020996094e+01,1.653650856018066406e+01,1.326105117797851562e+01,1.190722274780273438e+01,1.362494277954101562e+01,1.435183143615722656e+01
1.503341102600097656e+01,1.499161815643310547e+01,1.405607223510742188e+01,1.279946136474609375e+01,1.690300750732421875e+01,1.622201347351074219e+01,1.521772766113281250e+01,1.663031959533691406e+01,1.762091445922851562e+01,1.634564399719238281e+01,1.489116668701171875e+01,1.638354492187500000e+01,1.534752845764160156e+01,1.534058380126953125e+01,1.400834083557128906e+01,1.338748359680175781e+01
1.553955554962158203e+01,1.255779838562011719e+01,1.129568576812744141e+01,1.316323280334472656e+01,1.518638515472412109e+01,1.503841495513916016e+01,1.493122386932373047e+01,1.690955162048339844e+01,1.626533889770507812e+01,1.588629436492919922e+01,1.521039009094238281e+01,1.663286590576171875e+01,1.566600799560546875e+01,1.311844921112060547e+01,1.164503383636474609e+01,1.365608596801757812e+01
1.118405055999755859e+01,1.250061321258544922e+01,1.168686771392822266e+01,1.242727279663085938e+01,1.618604087829589844e+01,1.566031169891357422e+01,1.417079925537109375e+01,1.674752616882324219e+01,1.471325874328613281e+01,1.518109416961669922e+01,1.451499652862548828e+01,1.648193740844726562e+01,1.189953327178955078e+01,1.259160995483398438e+01,1.258293724060058594e+01,1.378997135162353516e+01
1.322834587097167969e+01,1.046079540252685547e+01,1.069781398773193359e+01,1.225249958038330078e+01,1.620068931579589844e+01,1.638083076477050781e+01,1.464833164215087891e+01,1.639049530029296875e+01,1.683338356018066406e+01,1.678272247314453125e+01,1.464706134796142578e+01,1.608290100097656250e+01,1.403505516052246094e+01,1.216323089599609375e+01,1.186804389953613281e+01,1.254906558990478516e+01
1.265842628479003906e+01,1.287670612335205078e+01,1.305387783050537109e+01,1.291896343231201172e+01,1.718453216552734375e+01,1.561464595794677734e+01,1.651537513732910156e+01,1.669504928588867188e+01,1.748224830627441406e+01,1.603634643554687500e+01,1.626523590087890625e+01,1.639455604553222656e+01,1.263739585876464844e+01,1.302330970764160156e+01,1.273732280731201172e+01,1.338924407958984375e+01
1.619993782043457031e+01,1.542181015014648438e+01,1.366096687316894531e+01,1.272557735443115234e+01,1.715126609802246094e+01,1.741522598266601562e+01,1.593899726867675781e+01,1.677347564697265625e+01,1.684720802307128906e+01,1.753442192077636719e+01,1.554245758056640625e+01,1.652360153198242188e+01,1.633611679077148438e+01,1.564547729492187500e+01,1.406204700469970703e+01,1.369033336639404297e+01
1.322825050354003906e+01,1.213416767120361328e+01,1.016703224182128906e+01,1.241843032836914062e+01,1.592602825164794922e+01,1.545574378967285156e+01,1.524087333679199219e+01,1.669775581359863281e+01,1.620302772521972656e+01,1.578745174407958984e+01,1.524743175506591797e+01,1.641268539428710938e+01,1.362498188018798828e+01,1.290383720397949219e+01,1.109290695190429688e+01,1.297530460357666016e+01
1.369663810729980469e+01,1.346207904815673828e+01,1.082525157928466797e+01,1.318910408020019531e+01,1.609337997436523438e+01,1.650621986389160156e+01,1.356461811065673828e+01,1.647462272644042969e+01,1.673801994323730469e+01,1.629593276977539062e+01,1.361102199554443359e+01,1.628547477722167969e+01,1.392640113830566406e+01,1.358973789215087891e+01,1.250712299346923828e+01,1.355730533599853516e+01
1.265348339080810547e+01,1.190830326080322266e+01,1.191543674468994141e+01,1.231004714965820312e+01,1.509679985046386719e+01,1.407340240478515625e+01,1.382252216339111328e+01,1.691250228881835938e+01,1.549012565612792969e+01,1.381073093414306641e+01,1.376070022583007812e+01,1.668577957153320312e+01,1.229695510864257812e+01,1.205517387390136719e+01,1.325531196594238281e+01,1.343434619903564453e+01
1.378331947326660156e+01,1.324434852600097656e+01,1.287286472320556641e+01,1.310066127777099609e+01,1.516438865661621094e+01,1.660538482666015625e+01,1.513511657714843750e+01,1.650054359436035156e+01,1.585000705718994141e+01,1.649331283569335938e+01,1.467580890655517578e+01,1.631185531616210938e+01,1.385479068756103516e+01,1.325082111358642578e+01,1.348453044891357422e+01,1.363801383972167969e+01
1.421109104156494141e+01,1.418271255493164062e+01,1.266680717468261719e+01,1.365618038177490234e+01,1.651819419860839844e+01,1.385766124725341797e+01,1.494115257263183594e+01,1.694569015502929688e+01,1.661940383911132812e+01,1.384670639038085938e+01,1.491292285919189453e+01,1.673088455200195312e+01,1.428170013427734375e+01,1.407214260101318359e+01,1.309322166442871094e+01,1.388155555725097656e+01
1.470026874542236328e+01,1.314902782440185547e+01,1.255111885070800781e+01,1.336227321624755859e+01,1.525571441650390625e+01,1.601040458679199219e+01,1.544664478302001953e+01,1.665999984741210938e+01,1.571598815917968750e+01,1.585351085662841797e+01,1.545201015472412109e+01,1.643821716308593750e+01,1.473116779327392578e+01,1.282123184204101562e+01,1.348502063751220703e+01,1.369702911376953125e+01
1.555838203430175781e+01,1.312857627868652344e+01,1.311159706115722656e+01,1.338226413726806641e+01,1.508072185516357422e+01,1.573361778259277344e+01,1.490746021270751953e+01,1.673371315002441406e+01,1.527936840057373047e+01,1.625802612304687500e+01,1.485917377471923828e+01,1.652706146240234375e+01,1.591103553771972656e+01,1.319090080261230469e+01,1.310501384735107422e+01,1.339325237274169922e+01
1.354427337646484375e+01,1.462909507751464844e+01,1.294326686859130859e+01,1.254112243652343750e+01,1.633650588989257812e+01,1.554386806488037109e+01,1.487983131408691406e+01,1.681861686706542969e+01,1.689682197570800781e+01,1.611331367492675781e+01,1.479663753509521484e+01,1.658670043945312500e+01,1.307596015930175781e+01,1.433469009399414062e+01,1.309732532501220703e+01,1.344271087646484375e+01
1.233436965942382812e+01,1.215904521942138672e+01,1.233098506927490234e+01,1.317144680023193359e+01,1.496449661254882812e+01,1.429343605041503906e+01,1.352444458007812500e+01,1.650023460388183594e+01,1.591888904571533203e+01,1.549340534210205078e+01,1.361755752563476562e+01,1.626236915588378906e+01,1.281358242034912109e+01,1.221862888336181641e+01,1.304520225524902344e+01,1.316432666778564453e+01
1.548890686035156250e+01,1.313143157958984375e+01,1.179342460632324219e+01,1.283407211303710938e+01,1.514522075653076172e+01,1.596501827239990234e+01,1.569163131713867188e+01,1.663458251953125000e+01,1.558423709869384766e+01,1.575650119781494141e+01,1.592300224304199219e+01,1.634502029418945312e+01,1.555559825897216797e+01,1.304428958892822266e+01,1.190678119659423828e+01,1.283261394500732422e+01
1.440077972412109375e+01,1.288361263275146484e+01,1.198882198333740234e+01,1.304935932159423828e+01,1.684423637390136719e+01,1.551078701019287109e+01,1.512472915649414062e+01,1.690600013732910156e+01,1.746601104736328125e+01,1.614121437072753906e+01,1.499863815307617188e+01,1.662764167785644531e+01,1.430763244628906250e+01,1.325586223602294922e+01,1.331517314910888672e+01,1.381583118438720703e+01
6.361469268798828125e+00,1.187036991119384766e+01,1.116915607452392578e+01,1.231610870361328125e+01,1.619602203369140625e+01,1.554300594329833984e+01,1.475951385498046875e+01,1.662348365783691406e+01,1.608154106140136719e+01,1.577322196960449219e+01,1.470199489593505859e+01,1.625395202636718750e+01,9.344340324401855469e+00,1.047018814086914062e+01,1.165970802307128906e+01,1.285143947601318359e+01
1.314102554321289062e+01,1.193504142761230469e+01,1.194254207611083984e+01,1.276808261871337891e+01,1.448846912384033203e+01,1.597967910766601562e+01,1.355034446716308594e+01,1.653335762023925781e+01,1.564167404174804688e+01,1.616825485229492188e+01,1.306879138946533203e+01,1.623979568481445312e+01,1.359333801269531250e+01,1.193939781188964844e+01,1.212346935272216797e+01,1.232569313049316406e+01
1.612425422668457031e+01,1.372885131835937500e+01,1.291797065734863281e+01,1.092257022857666016e+01,1.908585548400878906e+01,1.785883331298828125e+01,1.565860652923583984e+01,1.673092079162597656e+01,1.971691513061523438e+01,1.879264450073242188e+01,1.657353019714355469e+01,1.637022018432617188e+01,1.609279060363769531e+01,1.405564403533935547e+01,1.259767818450927734e+01,1.082334136962890625e+01
1.580307388305664062e+01,1.397317504882812500e+01,1.276522541046142578e+01,1.217335414886474609e+01,1.687497520446777344e+01,1.482279682159423828e+01,1.523857593536376953e+01,1.649578475952148438e+01,1.678033828735351562e+01,1.435432434082031250e+01,1.492090606689453125e+01,1.625421905517578125e+01,1.601176261901855469e+01,1.429552936553955078e+01,1.320598030090332031e+01,1.229191684722900391e+01
1.476320743560791016e+01,1.262202072143554688e+01,1.281531524658203125e+01,1.177305889129638672e+01,1.825151634216308594e+01,1.765989875793457031e+01,1.514141654968261719e+01,1.708979988098144531e+01,1.858176422119140625e+01,1.780724906921386719e+01,1.546184158325195312e+01,1.676686668395996094e+01,1.471361351013183594e+01,1.254558372497558594e+01,1.276826381683349609e+01,1.173783588409423828e+01
1.537196063995361328e+01,1.214141941070556641e+01,1.524078369140625000e+01,1.505614757537841797e+01,2.082179260253906250e+01,1.851369285583496094e+01,1.777302169799804688e+01,1.701981353759765625e+01,2.082961273193359375e+01,1.867607307434082031e+01,1.782648468017578125e+01,1.669540977478027344e+01,1.543896102905273438e+01,1.223034667968750000e+01,1.549081325531005859e+01,1.531310749053955078e+01
1.475530052185058594e+01,1.265438270568847656e+01,1.262022590637207031e+01,1.359963417053222656e+01,1.948503684997558594e+01,1.789511680603027344e+01,1.505233478546142578e+01,1.640553092956542969e+01,1.975850105285644531e+01,1.818608474731445312e+01,1.581187725067138672e+01,1.605088996887207031e+01,1.493735027313232422e+01,1.293008899688720703e+01,1.272461509704589844e+01,1.415236949920654297e+01
1.328086853027343750e+01,1.257876300811767578e+01,1.105042266845703125e+01,1.029797267913818359e+01,1.729079437255859375e+01,1.496219921112060547e+01,1.498095607757568359e+01,1.626875495910644531e+01,1.759099578857421875e+01,1.642816734313964844e+01,1.479421710968017578e+01,1.597522544860839844e+01,1.341199779510498047e+01,1.234925365447998047e+01,1.054029941558837891e+01,1.049393367767333984e+01
1.358713054656982422e+01,1.280169391632080078e+01,1.296288871765136719e+01,1.013430309295654297e+01,1.216006565093994141e+01,1.679502677917480469e+01,1.625909614562988281e+01,1.638634109497070312e+01,1.322790908813476562e+01,1.722723388671875000e+01,1.615036964416503906e+01,1.613333702087402344e+01,1.290235710144042969e+01,1.026493167877197266e+01,1.213373565673828125e+01,1.065355968475341797e+01
1.542443370819091797e+01,1.427281379699707031e+01,1.327479839324951172e+01,1.156024169921875000e+01,1.894806289672851562e+01,1.699585914611816406e+01,1.618382453918457031e+01,1.703801345825195312e+01,1.882861709594726562e+01,1.712383842468261719e+01,1.622600555419921875e+01,1.671915435791015625e+01,1.506909942626953125e+01,1.376845359802246094e+01,1.325699710845947266e+01,1.193676567077636719e+01
7.278598785400390625e+00,9.619358062744140625e+00,1.060070610046386719e+01,9.551517486572265625e+00,1.808297157287597656e+01,1.379348945617675781e+01,1.458774948120117188e+01,1.678802680969238281e+01,1.842782783508300781e+01,1.559021282196044922e+01,1.430526828765869141e+01,1.657024955749511719e+01,1.002179908752441406e+01,1.075502014160156250e+01,1.075769710540771484e+01,9.985379219055175781e+00
1.308630466461181641e+01,1.148346042633056641e+01,1.080179786682128906e+01,9.570526123046875000e+00,1.659771347045898438e+01,1.593656730651855469e+01,1.552044868469238281e+01,1.702694129943847656e+01,1.782293510437011719e+01,1.676210212707519531e+01,1.531445217132568359e+01,1.679195213317871094e+01,1.268921375274658203e+01,1.073393154144287109e+01,1.164321804046630859e+01,1.065098476409912109e+01
1.532864189147949219e+01,1.498311614990234375e+01,1.303733634948730469e+01,1.044130802154541016e+01,1.595824337005615234e+01,1.487607860565185547e+01,1.496780204772949219e+01,1.686493873596191406e+01,1.536943912506103516e+01,1.598226547241210938e+01,1.466260814666748047e+01,1.659839820861816406e+01,1.544785594940185547e+01,1.513313388824462891e+01,1.276958656311035156e+01,1.077684974670410156e+01
1.208394145965576172e+01,1.085107517242431641e+01,1.071181488037109375e+01,9.996755599975585938e+00,1.702159500122070312e+01,1.627537918090820312e+01,1.621846389770507812e+01,1.662231254577636719e+01,1.831602287292480469e+01,1.664448928833007812e+01,1.609091377258300781e+01,1.628771781921386719e+01,1.169031429290771484e+01,1.212072467803955078e+01,1.008289241790771484e+01,1.014790534973144531e+01
1.613164329528808594e+01,1.597193241119384766e+01,1.404993438720703125e+01,1.054999923706054688e+01,1.632028007507324219e+01,1.379333972930908203e+01,1.670426368713378906e+01,1.673515510559082031e+01,1.704222488403320312e+01,1.488071441650390625e+01,1.605378532409667969e+01,1.648189163208007812e+01,1.628774070739746094e+01,1.609498596191406250e+01,1.396644878387451172e+01,1.042716693878173828e+01
1.255550765991210938e+01,1.188846969604492188e+01,1.205907249450683594e+01,1.083776378631591797e+01,1.699466133117675781e+01,1.693215179443359375e+01,1.538728809356689453e+01,1.674949073791503906e+01,1.780121040344238281e+01,1.759447669982910156e+01,1.553015899658203125e+01,1.651124191284179688e+01,1.285652542114257812e+01,1.192741489410400391e+01,1.148478031158447266e+01,1.103842449188232422e+01
1.347546386718750000e+01,1.269203281402587891e+01,1.088727951049804688e+01,9.571350097656250000e+00,1.740588760375976562e+01,1.442424869537353516e+01,1.633127784729003906e+01,1.662919235229492188e+01,1.818431663513183594e+01,1.565175533294677734e+01,1.606872940063476562e+01,1.640263557434082031e+01,1.309794330596923828e+01,1.206850051879882812e+01,1.005484294891357422e+01,1.063771247863769531e+01
